year,EEGLAB,FieldTrip,Brainstorm,MNE,ERPLAB,incomplete_year
2004,21,,,,,False
2005,68,,,,,False
2006,109,,,,,False
2007,177,,,,,False
2008,187,,,,,False
2009,316,,,,,False
2010,359,,,,,False
2011,409,40,5,,,False
2012,516,152,26,,,False
2013,685,219,53,0,,False
2014,766,284,88,7,24,False
2015,920,361,102,20,71,False
2016,1037,428,134,42,108,False
2017,1326,594,213,61,149,False
2018,1467,772,240,115,185,False
2019,1815,958,300,173,222,False
2020,1985,1045,389,269,273,False
2021,2175,1161,417,375,312,False
2022,2154,1157,417,432,281,False
2023,2383,1210,462,580,303,False
2024,2371,1267,467,750,300,False
2025,2601,1206,403,813,306,False
2026,1713,629,263,540,198,True
